time_period,partner_label,thousand_euros,percent_of_year_total
2004,"China including Hong Kong",1000675.5,20.53
2004,Turkiye,705284.7,14.47
2004,"United Kingdom",612329.8,12.56
2004,Switzerland,338102.2,6.94
2004,"United States",323032.5,6.63
2004,India,255731.9,5.25
2004,Taiwan,223071.8,4.58
2004,"South Korea",164758.3,3.38
2004,Norway,122734.2,2.52
2004,Japan,119447.1,2.45
2005,"China including Hong Kong",1664159.8,28.41
2005,"United Kingdom",662696.3,11.31
2005,Turkiye,631042.5,10.77
2005,India,489435.8,8.36
2005,"United States",340108.1,5.81
2005,Switzerland,315103.1,5.38
2005,Taiwan,212711,3.63
2005,"South Korea",170065,2.9
2005,Japan,154658,2.64
2005,Egypt,121610.7,2.08
2006,"China including Hong Kong",2582567,33.22
2006,"United Kingdom",856397.9,11.02
2006,Turkiye,711708.4,9.15
2006,"United States",556041.2,7.15
2006,India,424715.1,5.46
2006,"South Korea",327485.9,4.21
2006,Switzerland,316276.3,4.07
2006,Taiwan,308433.8,3.97
2006,Norway,170879.3,2.2
2006,Japan,169061.6,2.17
2007,"China including Hong Kong",2959188.3,32.04
2007,Turkiye,1069452,11.58
2007,"United Kingdom",960125.1,10.39
2007,India,662668.4,7.17
2007,"United States",521631.2,5.65
2007,"South Korea",458886.7,4.97
2007,Taiwan,451066.1,4.88
2007,Switzerland,290439.1,3.14
2007,Japan,221552.6,2.4
2007,Norway,186825.8,2.02
2008,"China including Hong Kong",2869632.4,29.31
2008,Turkiye,1636319.2,16.71
2008,"United Kingdom",930864.5,9.51
2008,"United States",683811.1,6.99
2008,India,585087.3,5.98
2008,Taiwan,460066,4.7
2008,Switzerland,350449.7,3.58
2008,Norway,219740.3,2.24
2008,"South Korea",218576.9,2.23
2008,Greece,207123.6,2.12
2009,"China including Hong Kong",2879988.8,34.08
2009,Turkiye,1235533,14.62
2009,India,679367.9,8.04
2009,"United Kingdom",554220.3,6.56
2009,"United States",427525.2,5.06
2009,Switzerland,317295.1,3.75
2009,"South Korea",230111.2,2.72
2009,Taiwan,216589.3,2.56
2009,Japan,196136.6,2.32
2009,Norway,170941.3,2.02
2010,"China including Hong Kong",3606216.9,27.94
2010,Turkiye,2433089.4,18.85
2010,Switzerland,1021124.9,7.91
2010,India,906823,7.03
2010,"United Kingdom",895287.5,6.94
2010,"United States",736680.3,5.71
2010,"South Korea",528447.4,4.09
2010,Norway,280551.6,2.17
2010,Taiwan,269081.8,2.09
2010,Japan,267283.2,2.07
2011,"China including Hong Kong",4374672.1,28.32
2011,Turkiye,2575138.2,16.67
2011,Switzerland,1448148.4,9.38
2011,India,1115939.1,7.23
2011,"United Kingdom",1102598.8,7.14
2011,"United States",795955.1,5.15
2011,"South Korea",712487.2,4.61
2011,Japan,412931,2.67
2011,Norway,388912.5,2.52
2011,Egypt,345136.8,2.23
2012,"China including Hong Kong",4070998,26.6
2012,Turkiye,2781370.1,18.18
2012,Switzerland,1729000.3,11.3
2012,"United Kingdom",1115709.3,7.29
2012,India,1109715.3,7.25
2012,"United States",882981.2,5.77
2012,"South Korea",482346,3.15
2012,Norway,416619.2,2.72
2012,Egypt,314938.6,2.06
2012,Japan,279410.6,1.83
2013,"China including Hong Kong",3433073.5,28.52
2013,Turkiye,2211788.8,18.37
2013,"United Kingdom",982485.6,8.16
2013,Switzerland,844049.8,7.01
2013,"United States",843611.8,7.01
2013,India,730039.4,6.06
2013,Norway,305536,2.54
2013,Egypt,295321.4,2.45
2013,"South Korea",269185.6,2.24
2013,Japan,240030.5,1.99
2014,"China including Hong Kong",3012863.6,26.28
2014,Turkiye,2050024.8,17.88
2014,"United Kingdom",1002906.7,8.75
2014,"United States",888817.7,7.75
2014,India,864086.9,7.54
2014,Switzerland,563434.9,4.92
2014,"South Korea",325721.5,2.84
2014,Egypt,277844.6,2.42
2014,Japan,277467,2.42
2014,Norway,272031.4,2.37
2015,"China including Hong Kong",3033260,29.85
2015,Turkiye,1329669.2,13.08
2015,"United Kingdom",961904.8,9.47
2015,India,736830.1,7.25
2015,"United States",707774.5,6.97
2015,Switzerland,515392.5,5.07
2015,"South Korea",334245.1,3.29
2015,Japan,298295.1,2.94
2015,Norway,269387.3,2.65
2015,Pakistan,178452.8,1.76
2016,"China including Hong Kong",2713368.5,27.6
2016,Turkiye,1608511.2,16.36
2016,"United Kingdom",946661.3,9.63
2016,"United States",690684.3,7.03
2016,India,614812.5,6.25
2016,Switzerland,496994.4,5.06
2016,Japan,315724.6,3.21
2016,Norway,280220.5,2.85
2016,"South Korea",234615.7,2.39
2016,Pakistan,191022,1.94
2017,"China including Hong Kong",3128994.4,25.34
2017,Turkiye,2538191.1,20.56
2017,"United States",950632.5,7.7
2017,"United Kingdom",893838.5,7.24
2017,India,738278,5.98
2017,Switzerland,705966.5,5.72
2017,Norway,365254,2.96
2017,Japan,308921.9,2.5
2017,"South Korea",227501.4,1.84
2017,Pakistan,206924.6,1.68
2018,Turkiye,2758656.3,21.07
2018,"China including Hong Kong",2057972.1,15.72
2018,"United Kingdom",1178829.6,9
2018,"United States",1033445.8,7.89
2018,India,1017673.6,7.77
2018,Switzerland,915901.8,6.99
2018,Japan,414952.8,3.17
2018,Norway,362917.5,2.77
2018,Pakistan,308679,2.36
2018,"South Korea",271374.9,2.07
2019,Turkiye,2671843.8,20.17
2019,"China including Hong Kong",1350831.1,10.2
2019,"United States",1195916.6,9.03
2019,India,1115736.3,8.42
2019,"United Kingdom",1104784.4,8.34
2019,Switzerland,1081335.4,8.16
2019,Japan,591314.8,4.46
2019,Norway,430084.9,3.25
2019,Pakistan,335876,2.54
2019,"South Korea",321995.6,2.43
2020,Turkiye,3085025.1,23.9
2020,"United States",1229880.8,9.53
2020,"United Kingdom",1221239.4,9.46
2020,India,1046976.4,8.11
2020,Switzerland,756549.8,5.86
2020,"China including Hong Kong",752171.6,5.83
2020,Japan,574858.2,4.45
2020,Pakistan,408954.3,3.17
2020,Norway,391984.3,3.04
2020,"South Korea",383632.7,2.97
2021,Turkiye,5059297.4,25.48
2021,"United Kingdom",2124205.5,10.7
2021,India,1639075.1,8.26
2021,"China including Hong Kong",1541734.3,7.77
2021,"United States",1500769.9,7.56
2021,Switzerland,986954.6,4.97
2021,Japan,986460.4,4.97
2021,Egypt,666891.2,3.36
2021,Pakistan,614571.8,3.1
2021,"South Korea",527039.1,2.65
